{
  "video_weight": 0.9,
  "audio_weight": 0.09999999999999998,
  "performance": {
    "total": 2,
    "accuracy": 1.0,
    "correct": 2,
    "incorrect": 0,
    "avg_reward": 1.0,
    "recent_accuracy": null,
    "current_weights": {
      "video": 0.9,
      "audio": 0.09999999999999998
    }
  },
  "timestamp": "2026-02-07T14:45:34.219682"
}